{"cameraMode":{"drawMode":0,"name":"Shaded","section":"Shading Mode"},"sceneLighting":true,"audioPlay":false,"sceneViewState":{"showFog":true,"showMaterialUpdate":false,"showSkybox":true,"showFlares":true,"showImageEffects":true,"showParticleSystems":true},"in2DMode":false,"pivot":{"x":-0.095672607421875,"y":0.029052734375,"z":0.17578125},"rotation":{"x":-0.18928833305835725,"y":-0.025035986676812173,"z":0.004827900789678097,"w":-0.9815905094146729},"size":2.9882636070251467,"orthographic":true}