{"cameraMode":{"drawMode":0,"name":"Shaded","section":"Shading Mode"},"sceneLighting":true,"audioPlay":false,"sceneViewState":{"showFog":true,"showMaterialUpdate":false,"showSkybox":true,"showFlares":true,"showImageEffects":true,"showParticleSystems":true},"in2DMode":false,"pivot":{"x":-0.303619384765625,"y":0.5987548828125,"z":0.02392578125},"rotation":{"x":-0.1682986617088318,"y":-0.06831980496644974,"z":0.011476028710603714,"w":-0.983298659324646},"size":1.7397948503494263,"orthographic":true}