{"cameraMode":{"drawMode":0,"name":"Shaded","section":"Shading Mode"},"sceneLighting":true,"audioPlay":false,"sceneViewState":{"showFog":true,"showMaterialUpdate":false,"showSkybox":true,"showFlares":true,"showImageEffects":true,"showParticleSystems":true},"in2DMode":false,"pivot":{"x":1.61385178565979,"y":0.08075397461652756,"z":0.007488518953323364},"rotation":{"x":0.1417188048362732,"y":-0.06439044326543808,"z":0.009220984764397145,"w":0.9877675175666809},"size":2.8941776752471926,"orthographic":true}