{"cameraMode":{"drawMode":0,"name":"Shaded","section":"Shading Mode"},"sceneLighting":false,"audioPlay":false,"sceneViewState":{"showFog":true,"showMaterialUpdate":false,"showSkybox":true,"showFlares":true,"showImageEffects":true,"showParticleSystems":true},"in2DMode":false,"pivot":{"x":0.2720891535282135,"y":-1.7626975774765015,"z":10.994274139404297},"rotation":{"x":-0.18303059041500092,"y":0.08746369183063507,"z":-0.016350727528333665,"w":-0.9790723323822022},"size":4.700650691986084,"orthographic":false}