{"cameraMode":{"drawMode":0,"name":"Shaded","section":"Shading Mode"},"sceneLighting":false,"audioPlay":false,"sceneViewState":{"showFog":true,"showMaterialUpdate":false,"showSkybox":true,"showFlares":true,"showImageEffects":true,"showParticleSystems":true},"in2DMode":false,"pivot":{"x":-0.006810322403907776,"y":0.11327150464057923,"z":-0.0068627893924713139},"rotation":{"x":-0.03073168359696865,"y":0.960685670375824,"z":-0.2492056041955948,"w":-0.11847038567066193},"size":1.0402846336364747,"orthographic":false}