{"cameraMode":{"drawMode":0,"name":"Shaded","section":"Shading Mode"},"sceneLighting":false,"audioPlay":false,"sceneViewState":{"showFog":true,"showMaterialUpdate":false,"showSkybox":true,"showFlares":true,"showImageEffects":true,"showParticleSystems":true},"in2DMode":false,"pivot":{"x":-0.006810322403907776,"y":-1.8867285251617432,"z":-0.0068627893924713139},"rotation":{"x":-0.03368985652923584,"y":0.9658331871032715,"z":-0.16560271382331849,"w":-0.19648706912994386},"size":1.0402847528457642,"orthographic":false}