{"cameraMode":{"drawMode":0,"name":"Shaded","section":"Shading Mode"},"sceneLighting":true,"audioPlay":false,"sceneViewState":{"showFog":true,"showMaterialUpdate":false,"showSkybox":true,"showFlares":true,"showImageEffects":true,"showParticleSystems":true},"in2DMode":false,"pivot":{"x":2.6533284187316896,"y":1.1047751903533936,"z":-2.342191219329834},"rotation":{"x":-0.03368985652923584,"y":0.9658331871032715,"z":-0.16560271382331849,"w":-0.19648706912994386},"size":10.0,"orthographic":false}