{"cameraMode":{"drawMode":0,"name":"Shaded","section":"Shading Mode"},"sceneLighting":false,"audioPlay":false,"sceneViewState":{"showFog":true,"showMaterialUpdate":false,"showSkybox":true,"showFlares":true,"showImageEffects":true,"showParticleSystems":true},"in2DMode":false,"pivot":{"x":-0.027102291584014894,"y":-1.772908329963684,"z":8.961694717407227},"rotation":{"x":-0.04977709427475929,"y":-0.021873680874705316,"z":0.0010903860675171018,"w":-0.9985202550888062},"size":0.9980936646461487,"orthographic":false}