{"cameraMode":{"drawMode":0,"name":"Shaded","section":"Shading Mode"},"sceneLighting":true,"audioPlay":false,"sceneViewState":{"showFog":true,"showMaterialUpdate":false,"showSkybox":true,"showFlares":true,"showImageEffects":true,"showParticleSystems":true},"in2DMode":false,"pivot":{"x":0.17669677734375,"y":0.45654296875,"z":1.5760307312011719},"rotation":{"x":-0.1834222972393036,"y":0.017329424619674684,"z":-0.003442235756665468,"w":-0.9828754663467407},"size":2.364009141921997,"orthographic":true}