{"cameraMode":{"drawMode":0,"name":"Shaded","section":"Shading Mode"},"sceneLighting":true,"audioPlay":false,"sceneViewState":{"showFog":true,"showMaterialUpdate":false,"showSkybox":true,"showFlares":true,"showImageEffects":true,"showParticleSystems":true},"in2DMode":false,"pivot":{"x":0.023681640625,"y":0.5604248046875,"z":0.52294921875},"rotation":{"x":-0.21861539781093598,"y":0.028898639604449273,"z":-0.006695594172924757,"w":-0.9753601551055908},"size":3.0504016876220705,"orthographic":true}