{"cameraMode":{"drawMode":0,"name":"Shaded","section":"Shading Mode"},"sceneLighting":false,"audioPlay":false,"sceneViewState":{"showFog":true,"showMaterialUpdate":false,"showSkybox":true,"showFlares":true,"showImageEffects":true,"showParticleSystems":true},"in2DMode":false,"pivot":{"x":0.0221482515335083,"y":0.08075397461652756,"z":3.1925113201141359},"rotation":{"x":-0.18259532749652863,"y":0.0938597172498703,"z":-0.01773914322257042,"w":-0.9785370230674744},"size":0.3762063682079315,"orthographic":true}