{"cameraMode":{"drawMode":0,"name":"Shaded","section":"Shading Mode"},"sceneLighting":false,"audioPlay":false,"sceneViewState":{"showFog":true,"showMaterialUpdate":false,"showSkybox":true,"showFlares":true,"showImageEffects":true,"showParticleSystems":true},"in2DMode":false,"pivot":{"x":-0.59832763671875,"y":-1.71722412109375,"z":3.4540252685546877},"rotation":{"x":0.0466134287416935,"y":-0.9531548023223877,"z":0.20769160985946656,"w":0.21491242945194245},"size":0.5265960097312927,"orthographic":true}