{"cameraMode":{"drawMode":0,"name":"Shaded","section":"Shading Mode"},"sceneLighting":true,"audioPlay":false,"sceneViewState":{"showFog":true,"showMaterialUpdate":false,"showSkybox":true,"showFlares":true,"showImageEffects":true,"showParticleSystems":true},"in2DMode":false,"pivot":{"x":0.1985931396484375,"y":-0.22216796875,"z":2.13671875},"rotation":{"x":0.18342402577400208,"y":-0.016745174303650857,"z":0.0033493705559521915,"w":0.9828855991363525},"size":2.6598522663116457,"orthographic":true}