{"cameraMode":{"drawMode":0,"name":"Shaded","section":"Shading Mode"},"sceneLighting":false,"audioPlay":false,"sceneViewState":{"showFog":true,"showMaterialUpdate":false,"showSkybox":true,"showFlares":true,"showImageEffects":true,"showParticleSystems":true},"in2DMode":false,"pivot":{"x":1.471435546875,"y":0.336212158203125,"z":2.7015228271484377},"rotation":{"x":0.06236192584037781,"y":-0.704099178314209,"z":0.06263203173875809,"w":0.7045797109603882},"size":0.33946433663368227,"orthographic":true}