{"cameraMode":{"drawMode":0,"name":"Shaded","section":"Shading Mode"},"sceneLighting":false,"audioPlay":false,"sceneViewState":{"showFog":true,"showMaterialUpdate":false,"showSkybox":true,"showFlares":true,"showImageEffects":true,"showParticleSystems":true},"in2DMode":false,"pivot":{"x":-0.006810322403907776,"y":0.11327150464057923,"z":-0.0068627893924713139},"rotation":{"x":0.0036627466324716808,"y":0.9904624819755554,"z":-0.02523351088166237,"w":0.13540305197238923},"size":1.0402846336364747,"orthographic":true}