{"cameraMode":{"drawMode":0,"name":"Shaded","section":"Shading Mode"},"sceneLighting":false,"audioPlay":false,"sceneViewState":{"showFog":true,"showMaterialUpdate":false,"showSkybox":true,"showFlares":true,"showImageEffects":true,"showParticleSystems":true},"in2DMode":false,"pivot":{"x":0.08203125,"y":-1.76995849609375,"z":9.167373657226563},"rotation":{"x":0.16530372202396394,"y":-0.8320080637931824,"z":0.33773845434188845,"w":0.4078846871852875},"size":0.6334174275398254,"orthographic":true}