{"cameraMode":{"drawMode":0,"name":"Shaded","section":"Shading Mode"},"sceneLighting":true,"audioPlay":false,"sceneViewState":{"showFog":true,"showMaterialUpdate":false,"showSkybox":true,"showFlares":true,"showImageEffects":true,"showParticleSystems":true},"in2DMode":false,"pivot":{"x":-0.185546875,"y":0.1619873046875,"z":2.6332130432128908},"rotation":{"x":-0.15978853404521943,"y":-0.018130524083971978,"z":0.0027201101183891298,"w":-0.9869809746742249},"size":2.8723251819610597,"orthographic":true}