{"cameraMode":{"drawMode":0,"name":"Shaded","section":"Shading Mode"},"sceneLighting":false,"audioPlay":false,"sceneViewState":{"showFog":true,"showMaterialUpdate":false,"showSkybox":true,"showFlares":true,"showImageEffects":true,"showParticleSystems":true},"in2DMode":false,"pivot":{"x":-0.006810322403907776,"y":0.11327150464057923,"z":-0.0068627893924713139},"rotation":{"x":-0.11315831542015076,"y":-0.18990038335323335,"z":0.021822748705744745,"w":-0.9750163555145264},"size":0.45049652457237246,"orthographic":true}