{"cameraMode":{"drawMode":0,"name":"Shaded","section":"Shading Mode"},"sceneLighting":true,"audioPlay":false,"sceneViewState":{"showFog":true,"showMaterialUpdate":false,"showSkybox":true,"showFlares":true,"showImageEffects":true,"showParticleSystems":true},"in2DMode":false,"pivot":{"x":-0.1338043212890625,"y":0.0406494140625,"z":1.03662109375},"rotation":{"x":-0.11646831780672074,"y":0.27302154898643496,"z":-0.033539239317178729,"w":-0.9543424844741821},"size":2.046654462814331,"orthographic":true}