{"cameraMode":{"drawMode":0,"name":"Shaded","section":"Shading Mode"},"sceneLighting":true,"audioPlay":false,"sceneViewState":{"showFog":true,"showMaterialUpdate":false,"showSkybox":true,"showFlares":true,"showImageEffects":true,"showParticleSystems":true},"in2DMode":false,"pivot":{"x":-0.1338043212890625,"y":0.0406494140625,"z":1.03662109375},"rotation":{"x":-0.17154726386070252,"y":0.032139912247657779,"z":-0.005812440533190966,"w":-0.9846343994140625},"size":1.7162452936172486,"orthographic":true}