{"cameraMode":{"drawMode":0,"name":"Shaded","section":"Shading Mode"},"sceneLighting":false,"audioPlay":false,"sceneViewState":{"showFog":true,"showMaterialUpdate":false,"showSkybox":true,"showFlares":true,"showImageEffects":true,"showParticleSystems":true},"in2DMode":false,"pivot":{"x":-0.006810322403907776,"y":0.11327150464057923,"z":-0.0068627893924713139},"rotation":{"x":0.015406028367578984,"y":0.7349931001663208,"z":-0.016396842896938325,"w":0.6777012348175049},"size":0.4541641175746918,"orthographic":true}