{"cameraMode":{"drawMode":0,"name":"Shaded","section":"Shading Mode"},"sceneLighting":false,"audioPlay":false,"sceneViewState":{"showFog":true,"showMaterialUpdate":false,"showSkybox":true,"showFlares":true,"showImageEffects":true,"showParticleSystems":true},"in2DMode":false,"pivot":{"x":-0.20586299896240235,"y":-1.8039199113845826,"z":9.126471519470215},"rotation":{"x":-0.024836961179971696,"y":0.7000751495361328,"z":-0.02437927946448326,"w":-0.7132206559181213},"size":2.9006505012512209,"orthographic":false}