{"cameraMode":{"drawMode":0,"name":"Shaded","section":"Shading Mode"},"sceneLighting":false,"audioPlay":false,"sceneViewState":{"showFog":true,"showMaterialUpdate":false,"showSkybox":true,"showFlares":true,"showImageEffects":true,"showParticleSystems":true},"in2DMode":false,"pivot":{"x":1.4668272733688355,"y":0.3567180335521698,"z":2.7165887355804445},"rotation":{"x":-0.22191770374774934,"y":-0.015505333431065083,"z":0.003529384033754468,"w":-0.97493577003479},"size":0.4236038625240326,"orthographic":false}