{"cameraMode":{"drawMode":0,"name":"Shaded","section":"Shading Mode"},"sceneLighting":false,"audioPlay":false,"sceneViewState":{"showFog":true,"showMaterialUpdate":false,"showSkybox":true,"showFlares":true,"showImageEffects":true,"showParticleSystems":true},"in2DMode":false,"pivot":{"x":0.23983415961265565,"y":-1.6898562908172608,"z":9.248003959655762},"rotation":{"x":-0.020252322778105737,"y":0.7108302712440491,"z":-0.020484454929828645,"w":-0.7027735114097595},"size":0.8006507754325867,"orthographic":false}