{"cameraMode":{"drawMode":0,"name":"Shaded","section":"Shading Mode"},"sceneLighting":false,"audioPlay":false,"sceneViewState":{"showFog":true,"showMaterialUpdate":false,"showSkybox":true,"showFlares":true,"showImageEffects":true,"showParticleSystems":true},"in2DMode":false,"pivot":{"x":-0.22723951935768128,"y":0.036174654960632327,"z":-0.06796491146087647},"rotation":{"x":-0.26118549704551699,"y":0.10313868522644043,"z":-0.028079692274332048,"w":-0.9593519568443298},"size":1.0402846336364747,"orthographic":false}